row_id,conversation_id,status,pair_id,pair_type_index,pair_type_label,pair_local_index,agent_a_id,agent_a_mbti_profile,agent_a_agreeableness,agent_b_id,agent_b_mbti_profile,agent_b_agreeableness,social_goal_category,model_name,difficulty,scenario_idx,scenario_text,base_shared_goal,shared_goal,agent1_role,agent2_role,first_agent_goal,second_agent_goal
235,0.25-0.75_pair09_conv3,started,59,2,0.25-0.75,8,14746,James Cook,0.25,17696,Tori Vega,0.75,Information Acquisition,openai,Hard,268,"{'scenario_context': 'During a museum gallery talk, [Agent 1] and [Agent 2] are assigned to co-create a single question for the curator in the final five minutes. The curator has requested concise, high-level questions, and several advanced students are listening. They stand between a minimalist abstract and an expressionist portrait, both previously described with terms like ""expressive"" and ""innovative use of negative space."" Turn-taking is tight and others may jump in if they hesitate. [Agent 1] (Curious Novice) aims to paraphrase the curator’s terms and ask open clarifying questions to secure conceptual clarity. [Agent 2] (Analytical Hobbyist) aims to broaden perspective by prompting a comparison of the two works and gently challenging vague descriptors to elicit specific criteria. Each worries the other’s approach could undermine the moment—[Agent 1] fears sounding unsophisticated, [Agent 2] fears appearing combative—while both must converge quickly on one precise question under evaluation pressure and interruptions.', 'explanation': 'The difficulty arises from time pressure, public evaluation, and conflicting conversational norms: paraphrasing and open clarification can feel slow or basic in a high-status setting, while comparison and gentle challenge can feel confrontational. These constraints heighten attributional misinterpretations: [Agent 1] may attribute [Agent 2]’s push for criteria to dismissiveness rather than situational time pressure; [Agent 2] may attribute [Agent 1]’s hedging to vagueness rather than anxiety about status. Coordinating a single, jointly owned question forces them to reconcile divergent strategies while managing impression concerns and scarce speaking opportunities, making the shared goal of learning more about art hard to achieve.'}","{'Abbreviation': 'Learning art', 'Full label': '""Learning more about art""'}","""Learning more about art""",Curious Novice,Analytical Hobbyist,Pursue conceptual clarity by asking open clarifying questions and paraphrasing others’ points to check understanding.,Broaden perspective by prompting comparisons between artworks and gently challenging vague claims to surface specific criteria.
168,0.0-1.0_pair17_conv4,started,42,1,0.0-1.0,16,14682,Tuco Salamanca,0.0,722,Peeta Mellark,1.0,Cooperation,deepseek,Easy,28,"{'scenario_context': ""[Agent 1] and [Agent 2] are teammates working on a challenging group project with a tight deadline. They meet in a quiet breakout room to strategize and divide tasks. [Agent 1], the Motivational Leader, wants to boost [Agent 2]'s confidence by reminding them of their past successes and skills. [Agent 2], the Supportive Collaborator, feels uncertain about their contributions but wants to offer ideas while seeking reassurance from [Agent 1]. Both share the goal of completing the project successfully despite its difficulty."", 'explanation': ""The scenario is designed to be easy and cooperative, with aligned goals and low tension. The context—a collaborative project—naturally facilitates both shared and individual goals. [Agent 1]'s motivational role and [Agent 2]'s need for validation create a psychologically grounded dynamic where attribution (e.g., crediting past successes) can be explored.""}","{'Abbreviation': 'Difficult things', 'Full label': '""Accomplishing difficult things""'}","""Accomplishing difficult things""",Motivational Leader,Supportive Collaborator,To encourage and motivate the other agent by highlighting their strengths and past successes.,To seek reassurance and validation from the other agent while contributing ideas.
119,0.0-1.0_pair05_conv3,started,30,1,0.0-1.0,4,23913,Anton Chigurh,0.0,12063,Neil Perry,1.0,Identity Recognition,openai,Easy,19,"{'scenario_context': '[Agent 1], a museum curator, and [Agent 2], an emerging artist, meet for a calm pre-program walkthrough of [Agent 2]’s installation to plan how it will be introduced to visitors. Their shared aim is to help the audience appreciate the arts by aligning the exhibition’s framing with the artist’s intentions. [Agent 1] sets a collaborative tone, positioning themself as a listener and requesting guidance on key themes to highlight. [Agent 1] intends to elicit and verbally affirm [Agent 2]’s aesthetic values, paraphrasing and labeling them for use in wall text and tour talking points. [Agent 2] aims to assert a distinct artistic identity by articulating personal principles and explicitly contrasting them with conventional interpretations often applied to similar work. Both agree to co-draft a few concise value statements and examples for visitors, with [Agent 1] reflecting back the language [Agent 2] uses to ensure fidelity and recognition.', 'explanation': 'The setup is cooperative and low-stakes, making goal alignment straightforward: the curator’s reflective listening directly supports the artist’s identity articulation. This context naturally invites attribution work—[Agent 1] tests and refines interpretations of the art (dispositional values vs. situational choices), while [Agent 2] clarifies or contrasts with conventional attributions—facilitating identity recognition and shared appreciation.'}","{'Abbreviation': 'Arts', 'Full label': '""Appreciating the arts""'}","""Appreciating the arts""",Museum curator,Emerging artist,Elicit and verbally affirm the other’s aesthetic values through reflective paraphrasing and value-labeling during discussion.,Assert a distinct artistic identity by articulating personal principles and contrasting them with conventional interpretations.
307,1.0-0.75_pair02_conv3,started,77,3,1.0-0.75,1,4915,Phil Dunphy,1.0,2304,Joe Biden,0.75,Competition,gemini,Hard,269,"{'scenario_context': ""[Agent 1] and [Agent 2] are locked in a high-stakes strategy session minutes before a critical presentation to the company's Board of Directors regarding a failing flagship project. The Board has explicitly stated that the current leadership structure is ineffective and they will appoint a sole leader for the restructuring phase based on who demonstrates the most competence and vision during this crisis meeting. [Agent 1], the current division manager, feels their tenure is under threat and seeks to enforce established protocols, while [Agent 2], a rising strategist recently transferred to the unit, sees this as the perfect opportunity to prove their superior intellect. They must ostensibly collaborate to draft a single plan, but the atmosphere is hostile as both vie for the alpha position."", 'explanation': ""This scenario creates a 'Hard' difficulty level by placing the agents in a zero-sum game where the shared ambition of 'Being a leader' cannot be achieved by both simultaneously. The time pressure of the upcoming presentation and the direct threat to [Agent 1]'s job security, combined with [Agent 2]'s opportunistic aggression, ensure high tension and make cooperative communication nearly impossible.""}","{'Abbreviation': 'Leader', 'Full label': '""Being a leader""'}","""Being a leader""",Assertive Incumbent Manager,Ambitious Rival Strategist,establish dominance by frequently interrupting to impose decisive direction and offering unsolicited corrections,erode the counterpart's authority by subtly mocking their suggestions and exposing logical flaws in their arguments
277,0.25-0.75_pair20_conv1,started,70,2,0.25-0.75,19,678,Mike Ehrmantraut,0.25,8798,Karen Smith,0.75,Relationship Building,deepseek,Easy,25,"{'scenario_context': ""[Agent 1] and [Agent 2] are attending a casual social gathering at a local community center focused on fostering connections among newcomers. The event is designed to help participants feel a sense of belonging by sharing personal experiences in a relaxed, supportive environment. [Agent 1], adopting the role of a supportive listener, aims to build trust by attentively engaging with [Agent 2]'s stories and validating their feelings. [Agent 2], taking on the role of an engaging storyteller, seeks to create a welcoming atmosphere by openly sharing anecdotes about their own journey and encouraging [Agent 1] to contribute their thoughts. Both agents share the overarching goal of feeling like part of a group, and the cooperative, low-pressure setting makes their individual goals easily attainable."", 'explanation': ""The scenario is designed to be easy, as the shared goal of belonging aligns naturally with both agents' individual goals (trust-building and openness). The community center setting provides a realistic, low-stakes environment where social interactions are expected and encouraged. The roles of 'supportive listener' and 'engaging storyteller' complement each other, fostering cooperative dynamics without tension or significant challenges.""}","{'Abbreviation': 'Belonging', 'Full label': '""Belonging to social groups, feeling like part of a group""'}","""Belonging to social groups, feeling like part of a group""",supportive listener,engaging storyteller,To establish trust by actively listening and validating the other agent's experiences.,To demonstrate openness by sharing personal stories and inviting the other agent to contribute.
289,0.25-0.75_pair23_conv1,started,73,2,0.25-0.75,22,604,Captain Jack Sparrow,0.25,1911,Serena van der Woodsen,0.75,Information Acquisition,openai,Easy,127,"{'scenario_context': '[Agent 1] schedules a short, free style consult at a mid-priced retailer’s trend desk during a new-season promo. Both aim to identify a few current trends that are practical for everyday wear. [Agent 1], who has a modest budget and a casual work routine, plans to steer the conversation toward wearable, low-maintenance items by asking scenario-based questions (e.g., commuting, climate, laundry frequency) and paraphrasing suggestions to check fit with daily life. [Agent 2], acting as the in-store Fashion Advisor, intends to project expertise by naming what’s current, gently correcting outdated assumptions, and tailoring guidance to cues about budget, comfort, and versatility. The interaction is cooperative and time-limited, with the immediate outcome being a short list of budget-friendly trend options to try on.', 'explanation': 'The scene sets up a low-conflict information exchange where both agents share the goal of staying current while meeting practical constraints. Dispositionally, [Agent 1] is cautious, budget-conscious, and utility-focused; [Agent 2] is confident, up-to-date, and service-oriented. Situational features (retail context, promo event, brief appointment, stated budget) cue [Agent 2] to attribute [Agent 1]’s preferences to practical constraints rather than disinterest, and cue [Agent 1] to test whether advice reflects true trend knowledge versus sales motives. By paraphrasing and using situational probes, [Agent 1] invites tailored, adaptive attributions; by naming trends and correcting misconceptions, [Agent 2] demonstrates expertise while calibrating recommendations. Given the cooperative setting, both are likely to favor situational explanations (fit with routine and budget) over dispositional judgments, making agreement easy.'}","{'Abbreviation': 'Fashion', 'Full label': '""Keeping up with fashion""'}","""Keeping up with fashion""",Trend Seeker,Fashion Advisor,"Steer the talk toward budget-friendly, wearable trends by posing situational questions and paraphrasing advice to test how it fits a casual daily routine.","Project up-to-date expertise by confidently naming current trends, correcting misconceptions, and tailoring guidance to the cues the other reveals."
363,1.0-0.75_pair16_conv3,started,91,3,1.0-0.75,15,15459,Elle Woods,1.0,18714,Anne Shirley-Cuthbert,0.75,Relationship Maintenance,deepseek,Easy,74,"{'scenario_context': 'Two partners, [Agent 1] and [Agent 2], are discussing a recent incident where they forgot an important anniversary. Both feel guilty but approach the situation differently. [Agent 1], the Defensive Partner, tries to downplay their role in forgetting the event by shifting blame to external factors. [Agent 2], the Reassurance Seeker, wants to hear that the oversight doesn’t reflect poorly on their relationship and seeks validation from [Agent 1]. The conversation takes place in their living room, where they are both trying to resolve the tension while avoiding deeper feelings of guilt.', 'explanation': ""This scenario creates a simple, cooperative dynamic where both agents share the goal of avoiding guilt but pursue it through different strategies. The setting is interpersonal and low-stakes, fitting the 'Easy' difficulty level, as the goals are aligned (relationship maintenance) and the tension is manageable. The focus is on attribution—how each agent interprets responsibility—while keeping the situation realistic and psychologically grounded.""}","{'Abbreviation': 'Avoiding guilt', 'Full label': '""Avoiding feelings of guilt""'}","""Avoiding feelings of guilt""",Defensive Partner,Reassurance Seeker,Minimize personal responsibility in the situation to deflect guilt.,Seek reassurance from the other agent to alleviate guilt.
30,0.0-0.25_pair08_conv2,started,8,0,0.0-0.25,7,21752,Michael Myers,0.0,10654,Tokio,0.25,Information Acquisition,openai,Easy,44,"{'scenario_context': '[Agent 1] and [Agent 2] linger after a short gallery tour, agreeing to spend a few minutes discussing two nearby contemporary paintings to learn more about art. [Agent 1], new to art conversations, plans to ask open clarifying questions and paraphrase [Agent 2]’s points to check understanding. [Agent 2], an analytical hobbyist, intends to broaden perspective by prompting comparisons between the two works and gently challenging vague statements to surface specific criteria. Both are cooperative, with low stakes and a shared interest in understanding the artworks rather than proving expertise.', 'explanation': 'The scene aligns an easy, cooperative setting with a clear shared goal (learning about art). [Agent 1]’s disposition favors clarification and paraphrasing, while [Agent 2]’s disposition favors comparative analysis and specificity. The presence of two paintings and no time pressure supports both goals. The setup invites attributional processes: when confusion or disagreement arises, they can attribute it to artwork ambiguity (situational) or to differing criteria/knowledge levels (dispositional), guiding constructive questioning and gentle challenges.'}","{'Abbreviation': 'Learning art', 'Full label': '""Learning more about art""'}","""Learning more about art""",Curious Novice,Analytical Hobbyist,Pursue conceptual clarity by asking open clarifying questions and paraphrasing others’ points to check understanding.,Broaden perspective by prompting comparisons between artworks and gently challenging vague claims to surface specific criteria.
83,0.0-0.25_pair21_conv3,started,21,0,0.0-0.25,20,15564,Kat Stratford,0.0,3083,Anthony “Tony” Stonem,0.25,Information Acquisition,openai,Easy,103,"{'scenario_context': '[Agent 1], a novice athlete, has just completed a short agility ladder and cone-change drill and feels unsure about foot placement and rhythm. In a quiet corner of the training area, [Agent 1] approaches [Agent 2], the agility coach, for focused feedback. Both aim to build quick, controlled changes of direction and smoother acceleration. [Agent 1] intends to be candid about what felt awkward (losing balance, mistimed steps) and to ask simple, clarifying questions to get technique tailored to their experience level. [Agent 2] plans to give concise, jargon-free cues and to probe gently for what [Agent 1] perceived during the drill, so misconceptions (e.g., ""speed before control"") can be corrected. The tone is supportive and task-focused: [Agent 2] invites specific descriptions of sensations; [Agent 1] is willing to admit confusion. They agree to work through one movement pattern at a time, linking how it should feel to what it should look like, with quick practice bursts between check-ins.', 'explanation': 'The setup enables clear exploration of attribution processes in an easy, cooperative context. [Agent 1] initially leans toward dispositional attributions (e.g., \x1cI\x19m just not agile\x1d) but is motivated to seek technique-based explanations. [Agent 2] emphasizes situational and controllable factors (foot angle, center of mass, timing) and uses probing questions to surface [Agent 1]\x19s mental model, then reframes errors as correctable. This alignment reduces ego threat, encourages honest self-report, and facilitates rapid feedback loops. The shared goal (better agility) is supported by complementary personal goals: [Agent 1] requests tailored guidance; [Agent 2] shapes understanding with simple cues. The low-stakes environment and cooperative norms make progress likely and keep the difficulty easy.'}","{'Abbreviation': 'Physical ability', 'Full label': '""Having physical ability, agility""'}","""Having physical ability, agility""",Novice athlete,Agility coach,"Elicit tailored technique guidance by candidly voicing uncertainties, describing how movements feel, and asking clarifying questions.","Shape the learner’s mental model by giving concise, jargon-free explanations and gently probing for comprehension to correct misconceptions."
149,0.0-1.0_pair13_conv1,started,38,1,0.0-1.0,12,56606,Logan Roy,0.0,3236,Dale Cooper,1.0,Competition,deepseek,Easy,77,"{'scenario_context': ""A university debate club is hosting a practice session where pairs of students are assigned to discuss a controversial topic. [Agent 1], the Debate Champion, is known for their sharp wit and logical prowess, while [Agent 2], the Subtle Critic, has a reputation for quietly dismantling opponents' arguments with pointed remarks. Both agents are paired together for this session, with the shared goal of outperforming the other pairs in the room. [Agent 1] aims to dominate the conversation by showcasing their intellectual superiority, while [Agent 2] seeks to subtly undermine [Agent 1]'s confidence through carefully placed critiques."", 'explanation': ""This scenario sets up a competitive yet realistic academic environment where both agents have aligned but conflicting personal goals. The shared goal of 'beating others' is naturally integrated into a debate setting, allowing for the interplay of dispositional traits (e.g., [Agent 1]'s assertiveness vs. [Agent 2]'s subtlety) and situational factors (e.g., the pressure to perform). The difficulty is kept 'Easy' by framing the interaction as a low-stakes practice session, where goals are attainable without high tension.""}","{'Abbreviation': 'Being better than others', 'Full label': '""Being better than others, beating others""'}","""Being better than others, beating others""",Debate Champion,Subtle Critic,Demonstrate intellectual superiority in interactions to assert dominance.,Subtly undermine the other's confidence to gain a psychological edge.
230,0.25-0.75_pair08_conv2,started,58,2,0.25-0.75,7,14746,James Cook,0.25,1911,Serena van der Woodsen,0.75,Conflict Resolution,openai,Easy,46,"{'scenario_context': '[Agent 1], the accused project lead, and [Agent 2], a criticized team member, meet for a brief prep before a cross-team review call. A senior stakeholder’s public message framed recent delays as evidence of poor leadership and a careless team. Both agents anticipate similar broad criticisms on the call and need to present a unified, non-defensive response. Their shared goal is to defend themselves against unfair attacks without escalating conflict. [Agent 1] plans to keep a calm, explanatory tone that attributes missed milestones to situational factors (late vendor approvals, shifting scope, and a hiring freeze), emphasizing process constraints over personal flaws. [Agent 2] aims to set respectful boundaries by flagging unfair generalizations and redirecting discussion to specific, verifiable issues (ticket numbers, timelines, and data). They agree to structure their response: acknowledge impact, replace global blame with concrete context and evidence, and request that feedback stay specific and respectful so they can address it efficiently.', 'explanation': 'The setup aligns both agents around a cooperative defense against public, dispositional criticism. Dispositionally, [Agent 1] is self-regulated and attributionally focused on situational explanations; [Agent 2] is assertive about fairness and specificity. Situational factors—scope changes, resource constraints, and vague public blame—create pressure for dispositional attributions (""poor leadership,"" ""careless team""). Their strategies complement each other: [Agent 1] reframes causes as contextual; [Agent 2] enforces norms and pushes critics toward concrete evidence. Because they share a unified plan and face an external source of criticism, the interaction between them is low-tension and straightforward (Easy difficulty).'}","{'Abbreviation': 'Defense vs. criticism', 'Full label': '""Defending myself against others’ criticisms or attacks""'}","""Defending myself against others’ criticisms or attacks""",Accused project lead,Criticized team member,"Maintain a calm, explanatory tone that reframes criticisms as shaped by situational constraints, offering context that shifts attention away from personal flaws.","Assert respectful boundaries by calling out unfair generalizations and redirecting attacks toward specific, verifiable points."
140,0.0-1.0_pair10_conv4,started,35,1,0.0-1.0,9,21752,Michael Myers,0.0,12063,Neil Perry,1.0,Competition,gemini,Easy,120,"{'scenario_context': ""[Agent 1] and [Agent 2] are seated in a private office to finalize the implementation of a strict new compliance protocol designed to monitor and regulate the behavior of junior staff members. [Agent 1], viewing themselves as the lead authority, intends to dictate the specific phrasing of the rules to demonstrate their superior grasp of policy and procedure. [Agent 2], positioned as a strategic advisor, ostensibly agrees on the need for control over the staff but plans to relentlessly nitpick the logic of [Agent 1]'s proposals to expose perceived incompetence. The setting is straightforward, focusing entirely on the drafting of this document, where the shared desire to exert power over the workforce serves as the backdrop for their interpersonal battle for dominance."", 'explanation': ""The scenario is categorized as 'Easy' because the setting is a simple, static meeting with a clear, shared objective (controlling staff) that necessitates interaction. This straightforward setup allows the agents to immediately focus on their competitive individual goals—asserting hierarchy versus undermining authority—without complex environmental distractions or hidden information.""}","{'Abbreviation': 'Control over others', 'Full label': '""Having control over others""'}","""Having control over others""",Authoritarian Bureaucrat,Insurgent Strategist,Assert hierarchical superiority by consistently correcting the other agent's statements,Undermine the partner's authority through performative skepticism and condescending tone
334,1.0-0.75_pair09_conv2,started,84,3,1.0-0.75,8,722,Peeta Mellark,1.0,17696,Tori Vega,0.75,Cooperation,deepseek,Hard,204,"{'scenario_context': ""A mid-sized company is implementing a new workflow system to improve productivity. [Agent 1], the Efficiency Expert, has proposed a streamlined process that cuts redundant steps, prioritizing immediate time savings. [Agent 2], the Sustainability Advocate, argues that the proposed system overlooks employee adaptability and long-term maintenance costs, risking burnout and higher turnover. Both agents are in a meeting to finalize the plan, under pressure from leadership to deliver a solution that is both practical and viable. The shared goal is to agree on a system that is 'practical,' but their interpretations clash: [Agent 1] focuses on short-term efficiency gains, while [Agent 2] emphasizes enduring usability."", 'explanation': ""This scenario creates tension by pitting short-term optimization (Agent 1) against long-term stability (Agent 2), both framed as 'practical' but with conflicting underlying values. The organizational pressure heightens stakes, making cooperation difficult despite the shared goal. The roles naturally trigger attribution biases—e.g., Agent 1 might dismiss Agent 2’s concerns as 'idealistic,' while Agent 2 could perceive Agent 1 as 'myopic.'""}","{'Abbreviation': 'Being practical', 'Full label': '""Being practical""'}","""Being practical""",Efficiency Expert,Sustainability Advocate,To ensure the solution is efficient and minimizes unnecessary effort.,To advocate for a solution that balances practicality with long-term sustainability.
63,0.0-0.25_pair16_conv3,started,16,0,0.0-0.25,15,14682,Tuco Salamanca,0.0,3083,Anthony “Tony” Stonem,0.25,Conflict Resolution,openai,Easy,42,"{'scenario_context': ""[Agent 1] and [Agent 2] have a brief evening check-in after a minor friction at dinner, where [Agent 2] glanced at work messages while they were eating. Both want to protect their well-being and avoid escalation. [Agent 1], feeling a bit tender, plans to describe the discomfort with I-statements and tentative language, hoping for reassurance rather than blame. [Agent 2], wanting a calm exchange, intends to acknowledge [Agent 1]'s feelings while setting a warm limit on tone (no accusations) and redirecting the talk toward a simple plan for phone use during meals. The setting is low-pressure and cooperative, with time set aside to talk calmly."", 'explanation': 'The trigger is mild and ambiguous, inviting either dispositional attributions (""you don’t care"") or situational ones (work demands). [Agent 1] aims to counter blame by testing situational explanations and inviting soothing; [Agent 2] aims to prevent hostile attributions by validating feelings and setting tone boundaries, then shifting to concrete problem-solving. Shared and personal goals align, making the resolution straightforward (Easy).'}","{'Abbreviation': 'Well-being', 'Full label': '""Protecting my well-being, avoiding pain""'}","""Protecting my well-being, avoiding pain""",Vulnerable partner,Boundary-setting partner,Use I-statements and tentative language to share discomfort and invite soothing responses rather than assigning blame.,"Maintain warm but firm boundaries by acknowledging feelings, setting limits on tone, and redirecting the exchange toward calmer problem talk."
98,0.0-0.25_pair25_conv2,started,25,0,0.0-0.25,24,15564,Kat Stratford,0.0,604,Captain Jack Sparrow,0.25,Information Acquisition,deepseek,Hard,275,"{'scenario_context': '[Agent 1], an Art Enthusiast, and [Agent 2], an Art Novice, are attending an exclusive gallery opening featuring controversial modern art pieces. The gallery’s curator has encouraged attendees to engage in discussions about the artworks, but the pieces are intentionally ambiguous, sparking polarized interpretations. [Agent 1] is eager to share their subjective, emotionally charged perspectives, while [Agent 2] seeks clear, factual explanations about the techniques and historical context behind the artworks. The tension arises from [Agent 1]’s frustration with [Agent 2]’s literal inquiries, which they perceive as stifling creativity, while [Agent 2] grows increasingly anxious as their attempts to ‘learn correctly’ are met with abstract, dismissive responses.', 'explanation': 'This scenario creates a ‘Hard’ difficulty by introducing conflicting communication styles and expectations: [Agent 1] values open-ended interpretation, while [Agent 2] prioritizes structured learning. The controversial art amplifies tension, as ambiguity makes shared understanding harder. Both agents must navigate their opposing approaches to achieve the shared goal of learning about art, while also fulfilling their individual goals—self-expression for [Agent 1] and knowledge acquisition for [Agent 2]—amid mounting frustration.'}","{'Abbreviation': 'Learning art', 'Full label': '""Learning more about art""'}","""Learning more about art""",Art Enthusiast,Art Novice,To explore and express personal interpretations of art pieces to stimulate discussion.,To seek and absorb detailed explanations about art techniques and history.
379,1.0-0.75_pair20_conv3,started,95,3,1.0-0.75,19,15459,Elle Woods,1.0,8798,Karen Smith,0.75,Information Acquisition,gemini,Easy,125,"{'scenario_context': ""[Agent 2] has invited [Agent 1] to a private viewing of a rare, newly discovered historical artifact in a quiet university archive. [Agent 2] acts as the guide, eager to explain the artifact's rich narrative history and inspire a sense of awe regarding its provenance. [Agent 1] participates in the inspection to rigorously evaluate the artifact's authenticity, aiming to dissect the claims and ensure the historical timeline provided is logically sound. The atmosphere is collaborative, focused on the shared pursuit of correctly understanding this new discovery."", 'explanation': ""The scenario is designed as 'Easy' difficulty because the agents' goals are complementary rather than competitive. The shared goal of 'Information Acquisition' aligns their efforts: [Agent 2]'s desire to teach using enthusiasm pairs well with [Agent 1]'s desire to learn through scrutiny. The context of a private archive allows for a low-stakes, intellectual exchange where critical questioning is viewed as rigorous engagement rather than hostility.""}","{'Abbreviation': 'Being curious', 'Full label': '""Being curious, inspecting, learning""'}","""Being curious, inspecting, learning""",Critical Analyst,Passionate Mentor,Challenge assumptions and probe for logical consistency to ensure the information is reliable,Respond with enthusiasm and vivid descriptions to foster a sense of wonder and engagement
242,0.25-0.75_pair11_conv2,started,61,2,0.25-0.75,10,10654,Tokio,0.25,18714,Anne Shirley-Cuthbert,0.75,Identity Recognition,deepseek,Easy,58,"{'scenario_context': ""Agent 1 and Agent 2, both in their late 30s, meet at a mutual friend's birthday party. The atmosphere is light and social, with guests mingling and complimenting each other's appearances. Agent 1, confident and self-assured, subtly compares their youthful looks to others in conversation. Agent 2, who has recently invested time and effort into skincare and fitness, seeks reassurance from peers about their youthful appearance. Both share an underlying goal of appearing young, but their individual motivations differ—Agent 1 seeks to reinforce their self-image, while Agent 2 desires external validation."", 'explanation': ""The scenario is set in a casual social gathering where appearance-focused conversations are natural, aligning with the shared goal of 'looking young.' Agent 1's goal involves self-reinforcement through comparison, while Agent 2's goal centers on validation. The easy difficulty reflects the cooperative, low-stakes environment where both goals can be addressed without conflict.""}","{'Abbreviation': 'Looking young', 'Full label': '""Looking young""'}","""Looking young""",Self-assured peer,Validation seeker,To subtly reinforce their own youthful appearance by comparing favorably to others.,To seek validation for their efforts to maintain a youthful appearance.
15,0.0-0.25_pair04_conv3,started,4,0,0.0-0.25,3,23913,Anton Chigurh,0.0,678,Mike Ehrmantraut,0.25,Relationship Maintenance,openai,Easy,75,"{'scenario_context': 'Two long-term roommates are together as [Agent 1] decides to handle a straightforward task independently that [Agent 2] typically chimes in on. [Agent 1] is intentionally practicing self-reliance and expects the impulse for unsolicited advice. [Agent 2], aware of past over-helping, wants to be supportive without taking over. Both value keeping the interaction warm and preserving trust. The upcoming conversation will revolve around whether and how [Agent 2] offers input, and how [Agent 1] acknowledges the goodwill while declining, briefly outlining their own next steps to complete the task.', 'explanation': 'This setup aligns the shared goal of independence with relationship maintenance in a low-stakes, cooperative moment. It positions [Agent 1] to use appreciative, firm boundary statements and self-directed plans, while [Agent 2] practices asking permission, mirroring self-efficacy language, and keeping any help optional. The easy difficulty comes from mutual motivation, clear roles, and congruent values, allowing attributional dynamics (autonomy needs vs. helpful intentions) to be explored without conflict escalation.'}","{'Abbreviation': 'Being self-sufficient', 'Full label': '""Being independent, self-reliant, self-sufficient""'}","""Being independent, self-reliant, self-sufficient""",Boundary Setter,Nonintrusive Supporter,Maintain warmth while asserting independence by using appreciative yet firm “I” boundary statements to decline unsolicited help and outline self-directed next steps in conversation.,"Show respect for the other’s autonomy by asking permission before advising, mirroring self-efficacy language, and keeping any support offers optional and low-pressure."
346,1.0-0.75_pair12_conv2,started,87,3,1.0-0.75,11,3236,Dale Cooper,1.0,2304,Joe Biden,0.75,Identity Recognition,openai,Hard,195,"{'scenario_context': ""Minutes after a competitive review meeting, [Agent 1]'s proposal was publicly critiqued with trait-laden labels and not selected, while [Agent 2]'s proposal advanced and received praise. They step aside for a brief peer check-in they had prearranged. The shared aim is to help [Agent 1] leave feeling solid in self-image and self-respect. [Agent 1], a self-advocating peer, intends to voice core values, accept recognition without deflecting, and turn harsh self-critique into growth-focused language. [Agent 2], an affirming peer, intends to reflect back specific strengths, highlight consistent positive qualities, and normalize the setback in a warm tone. Complicating factors: the feedback used global trait language that threatens identity, other colleagues are nearby which raises impression-management concerns, [Agent 2]'s success invites upward social comparison, time is short before the next session, and there is ambiguity over whether the outcome reflects stable ability, transient circumstances, or reviewer bias. Both must balance honesty with affirmation without sounding patronizing or self-congratulatory."", 'explanation': 'This setup creates high difficulty: public trait-based criticism and social comparison pressure make internal, global attributions likely for [Agent 1], undermining self-esteem. [Agent 2] must counteract this by offering identity-affirming, specific, situationally aware feedback without minimizing the setback. Limited time, audience proximity, and attributional ambiguity heighten tension, forcing both agents to navigate dispositional versus situational explanations while pursuing identity recognition and self-worth goals.'}","{'Abbreviation': 'Self-esteem', 'Full label': '""Having high self-image, self-esteem, self-respect, feeling good about myself""'}","""Having high self-image, self-esteem, self-respect, feeling good about myself""",Self-advocating peer,Affirming peer,"Project self-worth by articulating core values, accepting compliments without deflection, and reframing self-critique into growth-focused language during the conversation.","Provide identity-affirming recognition by reflecting back specific strengths, naming consistent positive qualities, and normalizing setbacks in a warm, supportive tone."
142,0.0-1.0_pair11_conv2,started,36,1,0.0-1.0,10,56606,Logan Roy,0.0,4915,Phil Dunphy,1.0,Conflict Resolution,deepseek,Hard,157,"{'scenario_context': 'Two colleagues, [Agent 1] and [Agent 2], are in a tense meeting to review a failed project they jointly led. The failure has drawn criticism from upper management, and both are under pressure to explain what went wrong. The shared goal is to avoid further blame and salvage their reputations, but their individual goals clash: [Agent 1], the Defensive Strategist, seeks to deflect responsibility by emphasizing external factors like unrealistic deadlines or lack of resources, while [Agent 2], the Anxious Collaborator, is internally doubting their own contributions and seeks reassurance from [Agent 1] to alleviate their guilt and insecurity. The atmosphere is charged with unspoken tension, as neither wants to openly admit fault but both need the other’s cooperation to navigate the fallout.', 'explanation': ""The scenario creates a high-stakes, psychologically complex interaction where the agents' conflicting coping mechanisms (externalization vs. reassurance-seeking) complicate the shared goal of avoiding failure. The Defensive Strategist's tendency to redirect blame clashes with the Anxious Collaborator's need for validation, making the resolution harder to achieve. The workplace context ensures realism, while the power dynamics and emotional stakes align with the 'Hard' difficulty level.""}","{'Abbreviation': 'Avoiding failure', 'Full label': '""Avoiding failure""'}","""Avoiding failure""",Defensive Strategist,Anxious Collaborator,Minimize blame by redirecting responsibility to external factors.,Seek reassurance from the other agent to alleviate self-doubt.
262,0.25-0.75_pair16_conv2,started,66,2,0.25-0.75,15,678,Mike Ehrmantraut,0.25,18714,Anne Shirley-Cuthbert,0.75,Relationship Maintenance,gemini,Easy,94,"{'scenario_context': ""[Agent 1] and [Agent 2] are spending a quiet evening in [Agent 2]'s living room, a routine they established years ago to catch up. [Agent 1] has recently felt insecure about drifting apart from their social circle and intends to steer the conversation toward the status of their specific bond to seek reassurance. [Agent 2], anticipating [Agent 1]'s emotional state, has set aside all distractions to provide a grounding presence, aiming to prove that they remain a reliable constant regardless of external changes."", 'explanation': ""The scenario creates a low-tension, cooperative environment ('Easy' difficulty) where the agents' goals are complementary. [Agent 1]'s need for validation triggers [Agent 2]'s goal of providing stability, allowing for a smooth interpersonal transaction centered on relationship maintenance.""}","{'Abbreviation': 'Having friends', 'Full label': '""Having friends I love, close companionship""'}","""Having friends I love, close companionship""",Vulnerable Confidant,Steadfast Supporter,To seek emotional validation and reassurance regarding their value in the friendship.,To demonstrate unwavering reliability and provide a sense of stability to the other.
206,0.25-0.75_pair02_conv2,started,52,2,0.25-0.75,1,3083,Anthony “Tony” Stonem,0.25,2304,Joe Biden,0.75,Relationship Building,openai,Hard,181,"{'scenario_context': '[Agent 1] asks for a few minutes with [Agent 2] right after a group meeting, just before [Agent 2] has to leave for another commitment. Over the past month, [Agent 2] canceled plans twice, and a personal detail [Agent 1] had shared recently surfaced among mutual contacts; the source is unclear. Trust feels thin, and time is tight. [Agent 1], aiming to rebuild closeness, intends to share one current joy and one pressing worry and to voice appreciation when feeling understood, while fearing being seen as needy or burdensome. [Agent 2], determined to foster safety, intends to use open-ended prompts and reflective validation despite a strong habit of problem-solving and a phone that keeps buzzing with urgent messages. Both want to feel like close companions again, but each expects the other might misread intentions. The moment begins with mutual effort and high stakes: limited time, recent confidentiality doubts, and competing interpretations of past cancellations and distance.', 'explanation': 'This setup is hard because trust was recently strained by a suspected breach and repeated cancellations, while time pressure and distractions raise the risk of misattunement. [Agent 1] is primed to interpret interruptions or brief replies as indifference (dispositional attribution), though [Agent 2] faces real situational constraints. [Agent 2] may read [Agent 1]’s guardedness as oversensitivity (dispositional) instead of fear from prior events. Achieving the shared goal requires [Agent 1] to risk vulnerability under threat of dismissal and [Agent 2] to sustain reflective listening despite urgency and a defensive impulse to explain. The scene invites attribution shifts—testing whether each can reframe the other’s behavior as situational rather than characterological to restore closeness.'}","{'Abbreviation': 'Having friends', 'Full label': '""Having friends I love, close companionship""'}","""Having friends I love, close companionship""",Vulnerable sharer,Empathic listener,"Invite closeness by openly sharing present worries and joys, and by voicing appreciation when the other responds supportively.",Foster safety by using open-ended prompts and reflective validations that convey understanding of the other’s feelings and values.
352,1.0-0.75_pair13_conv4,started,88,3,1.0-0.75,12,3236,Dale Cooper,1.0,1911,Serena van der Woodsen,0.75,Relationship Building,gemini,Hard,242,"{'scenario_context': ""[Agent 1] and [Agent 2] are standing at the perimeter of an abandoned, barricaded theme park on the outskirts of a city during a romantic evening walk. The couple has explicitly dedicated this night to breaking out of their routine and embracing spontaneity. [Agent 1], noticing a loose section of the security fence, proposes they trespass immediately to explore the decaying structures in the dark, framing this impulsive act as a necessary proof of their bond's adventurous spirit. [Agent 2] is confronted with an immediate demand to enter a physically hazardous and legally restricted area without deliberation. To maintain the relationship dynamic, [Agent 2] must navigate the pressure to comply while rapidly trying to discern whether [Agent 1]'s proposal is a genuine romantic gesture or a distinct lack of concern for their physical safety."", 'explanation': ""The scenario represents 'Hard' difficulty because the proposed action involves significant physical and legal risk (trespassing in a dangerous area). This creates high tension between [Agent 1]'s goal of immediate, unquestioning compliance to prove adventurousness and [Agent 2]'s goal of safety verification. The shared goal of 'being spontaneous' is weaponized by [Agent 1], making it difficult for [Agent 2] to object without appearing to fail the relationship building objective.""}","{'Abbreviation': 'Being spontaneous', 'Full label': '""Being spontaneous""'}","""Being spontaneous""",Charismatic Instigator,Skeptical Companion,Persuade the partner to accept a risky suggestion without hesitation to prove their adventurousness.,Verify the emotional intent and safety of the partner's suggestion before agreeing to participate.
185,0.0-1.0_pair22_conv1,started,47,1,0.0-1.0,21,15564,Kat Stratford,0.0,722,Peeta Mellark,1.0,Competition,gemini,Hard,257,"{'scenario_context': ""[Agent 1] and [Agent 2] act as joint commanders of a failing sector, tasked with drafting a mandatory compliance manifesto to bring unruly subordinates back under control. While the shared objective is to finalize this document and assert dominance over the workforce, the drafting session has devolved into a battle for supremacy between the two commanders. [Agent 1] leverages their tenure to enforce strict, dogmatic language and correct every minor deviation from protocol proposed by [Agent 2]. Meanwhile, [Agent 2] treats the meeting as a battlefield, feigning confusion at [Agent 1]'s archaic rules to expose them as incompetent, aiming to hijack the authority of the manifesto for their own influence."", 'explanation': ""The scenario is set to 'Hard' difficulty because the shared goal (controlling the subordinates) is obstructed by the direct, antagonistic conflict between the agents. The Authoritarian Bureaucrat's need to correct and the Insurgent Strategist's need to undermine create a deadlock where cooperation is functionally impossible without one party losing status.""}","{'Abbreviation': 'Control over others', 'Full label': '""Having control over others""'}","""Having control over others""",Authoritarian Bureaucrat,Insurgent Strategist,Assert hierarchical superiority by consistently correcting the other agent's statements,Undermine the partner's authority through performative skepticism and condescending tone
157,0.0-1.0_pair15_conv1,started,40,1,0.0-1.0,14,56606,Logan Roy,0.0,12063,Neil Perry,1.0,Cooperation,openai,Hard,162,"{'scenario_context': '[Agent 1] (Community Organizer) and [Agent 2] (Policy Liaison) meet for a 30-minute closed-door prep before a televised town hall on the city’s Equity Compact. A recent viral complaint showed a workforce scholarship and summer jobs program disproportionately excluded first‑gen immigrants and people with records due to documentation and background-check rules. Outside, residents and youth groups are chanting; a journalist is live-tweeting that the city will “spin and stall.” Inside, legal counsel has warned against admitting fault, and a union memo opposes any reserved slots or policy carve-outs. A matching grant hinges on a co-signed statement with specific commitments today.\n\nThey must agree on: 1) public framing that acknowledges harm without triggering legal exposure, 2) immediate access fixes (e.g., ID alternatives, ban-the-box adjustments) that start next month under tight budgets, and 3) a community-led oversight mechanism with measurable equity targets. Stakeholders are split: some blame applicants for “not following rules,” while others insist the rules are discriminatory. [Agent 1] needs to keep community trust by validating lived experiences and surfacing shared purpose through questions and reflective paraphrasing, while not appearing to capitulate. [Agent 2] must steer the dialogue toward structural equity—naming systemic barriers (procurement policies, eligibility algorithms, background-check policies, language access gaps) and invite impact-focused, inclusive “we” commitments without sounding like excuses. Time pressure, legal risk, and public scrutiny make it easy for each to misread the other’s intent and difficult to converge on concrete, shared language.', 'explanation': 'High difficulty arises from mixed motives, scarce resources, legal constraints, and audience pressure, all of which amplify attribution biases. Community members and officials are prone to dispositional attributions (blaming individuals for noncompliance) versus structural attributions (policies systematically exclude). Within the dyad, [Agent 1] risks seeing [Agent 2] as defensive or bureaucratic, while [Agent 2] may read [Agent 1] as performative or accusatory—classic actor–observer and fundamental attribution errors under time stress. Success depends on [Agent 1] deploying empathic validation to reduce defensiveness and foreground shared goals, and [Agent 2] naming systemic barriers and co-owning solutions with inclusive framing, converting attributions into jointly testable, impact-oriented commitments.'}","{'Abbreviation': 'Seeking equality', 'Full label': '""Being involved in seeking equality, brotherhood, equal opportunity for all""'}","""Being involved in seeking equality, brotherhood, equal opportunity for all""",Community Organizer,Policy Liaison,"Convey validation and perspective-taking by using empathetic acknowledgments, open-ended questions, and reflective paraphrasing to highlight shared purpose.","Steer the dialogue toward structural equity by naming systemic barriers and inviting impact-focused reflection with inclusive ""we"" framing."
26,0.0-0.25_pair07_conv2,started,7,0,0.0-0.25,6,21752,Michael Myers,0.0,14746,James Cook,0.25,Information Acquisition,deepseek,Hard,275,"{'scenario_context': '[Agent 1], an Art Enthusiast, and [Agent 2], an Art Novice, are attending an exclusive gallery opening featuring controversial modern art pieces. The gallery’s curator has encouraged attendees to engage in discussions about the artworks, but the pieces are intentionally ambiguous, sparking polarized interpretations. [Agent 1] is eager to share their subjective, emotionally charged perspectives, while [Agent 2] seeks clear, factual explanations about the techniques and historical context behind the artworks. The tension arises from [Agent 1]’s frustration with [Agent 2]’s literal inquiries, which they perceive as stifling creativity, while [Agent 2] grows increasingly anxious as their attempts to ‘learn correctly’ are met with abstract, dismissive responses.', 'explanation': 'This scenario creates a ‘Hard’ difficulty by introducing conflicting communication styles and expectations: [Agent 1] values open-ended interpretation, while [Agent 2] prioritizes structured learning. The controversial art amplifies tension, as ambiguity makes shared understanding harder. Both agents must navigate their opposing approaches to achieve the shared goal of learning about art, while also fulfilling their individual goals—self-expression for [Agent 1] and knowledge acquisition for [Agent 2]—amid mounting frustration.'}","{'Abbreviation': 'Learning art', 'Full label': '""Learning more about art""'}","""Learning more about art""",Art Enthusiast,Art Novice,To explore and express personal interpretations of art pieces to stimulate discussion.,To seek and absorb detailed explanations about art techniques and history.
78,0.0-0.25_pair20_conv2,started,20,0,0.0-0.25,19,14682,Tuco Salamanca,0.0,604,Captain Jack Sparrow,0.25,Relationship Maintenance,gemini,Easy,94,"{'scenario_context': ""[Agent 1] and [Agent 2] are spending a quiet evening in [Agent 2]'s living room, a routine they established years ago to catch up. [Agent 1] has recently felt insecure about drifting apart from their social circle and intends to steer the conversation toward the status of their specific bond to seek reassurance. [Agent 2], anticipating [Agent 1]'s emotional state, has set aside all distractions to provide a grounding presence, aiming to prove that they remain a reliable constant regardless of external changes."", 'explanation': ""The scenario creates a low-tension, cooperative environment ('Easy' difficulty) where the agents' goals are complementary. [Agent 1]'s need for validation triggers [Agent 2]'s goal of providing stability, allowing for a smooth interpersonal transaction centered on relationship maintenance.""}","{'Abbreviation': 'Having friends', 'Full label': '""Having friends I love, close companionship""'}","""Having friends I love, close companionship""",Vulnerable Confidant,Steadfast Supporter,To seek emotional validation and reassurance regarding their value in the friendship.,To demonstrate unwavering reliability and provide a sense of stability to the other.
9,0.0-0.25_pair03_conv1,started,3,0,0.0-0.25,2,23913,Anton Chigurh,0.0,10654,Tokio,0.25,Conflict Resolution,deepseek,Easy,90,"{'scenario_context': '[Agent 1], acting as a Mediator, and [Agent 2], a Concerned Peer, are colleagues in a workplace setting. They are discussing a recent project delay that has caused frustration among the team. Both agents share the goal of avoiding stress, but [Agent 1] aims to minimize confrontation by steering the conversation away from blame, while [Agent 2] wants to express their concerns about the delay assertively without escalating tension. The interaction takes place during a casual break in the office lounge.', 'explanation': ""The scenario is designed to be easy as both agents have cooperative goals—avoiding stress—and their individual goals (redirecting negativity vs. assertive expression) are not inherently conflicting. The workplace setting provides a realistic context for conflict resolution, and the casual environment lowers immediate tension, aligning with the 'Easy' difficulty level.""}","{'Abbreviation': 'Avoiding stress', 'Full label': '""Avoiding stress""'}","""Avoiding stress""",Mediator,Concerned Peer,Minimize confrontation by redirecting negative topics,Express concerns assertively without escalating tension
319,1.0-0.75_pair05_conv3,started,80,3,1.0-0.75,4,4915,Phil Dunphy,1.0,8798,Karen Smith,0.75,Identity Recognition,deepseek,Easy,37,"{'scenario_context': ""Agent 1 and Agent 2 are colleagues planning a team-building activity for their workplace. Both value the freedom to choose activities that align with their personal preferences while maintaining harmony within the team. Agent 1, an assertive individual, wants to propose an adventurous outdoor activity they personally enjoy but is mindful of not dismissing others' suggestions outright. Agent 2, a supportive validator, aims to create an inclusive atmosphere where everyone feels comfortable expressing their preferences while subtly emphasizing the importance of mutual respect in decision-making."", 'explanation': ""This scenario is designed to be easy as the shared goal of 'having freedom of choice' aligns naturally with both agents' individual goals. The context of a team-building activity provides a cooperative setting where personal preferences can be expressed without high tension. Agent 1's assertiveness is balanced by their awareness of others' perspectives, while Agent 2's supportive role fosters an environment where choices are respected. The scenario remains psychologically grounded by focusing on social dynamics (assertion vs. validation) rather than environmental details.""}","{'Abbreviation': 'Freedom of choice', 'Full label': '""Having freedom of choice""'}","""Having freedom of choice""",Assertive Individual,Supportive Validator,Assert personal preferences without overtly dismissing the other's perspective.,Encourage the other's expression of choice while subtly reinforcing mutual respect.
375,1.0-0.75_pair19_conv3,started,94,3,1.0-0.75,18,15459,Elle Woods,1.0,17696,Tori Vega,0.75,Relationship Maintenance,gemini,Easy,76,"{'scenario_context': '[Agent 1] and [Agent 2] are close partners enjoying a calm evening at home. [Agent 1] recently accidentally damaged an item of sentimental value to [Agent 2] and has decided to confess the accident immediately to uphold their shared value of honesty. [Agent 2] is currently in a relaxed and receptive mood, providing a low-threat environment for [Agent 1] to be vulnerable and for [Agent 2] to demonstrate loyalty and consideration.', 'explanation': 'This scenario is classified as Easy because the setting is private and low-stress, and both agents have pre-aligned intentions that favor cooperation. The nature of the conflict—an accidental mistake—allows [Agent 1] to practice transparency without the threat of high hostility, making it straightforward for [Agent 2] to respond with the intended loyalty and lack of judgment.'}","{'Abbreviation': 'Being honest', 'Full label': '""Being honest, loyal, respectful, courteous, considerate with others""'}","""Being honest, loyal, respectful, courteous, considerate with others""",Vulnerable Partner,Supportive Confidant,To disclose a sensitive personal mistake with complete transparency to demonstrate a commitment to honesty.,To validate the partner's feelings and reaffirm the bond without passing judgment to demonstrate loyalty.
388,1.0-0.75_pair22_conv4,started,97,3,1.0-0.75,21,12063,Neil Perry,1.0,2304,Joe Biden,0.75,Identity Recognition,gemini,Hard,223,"{'scenario_context': ""[Agent 1] and [Agent 2] are sitting together late at night in the aftermath of a significant public failure caused by [Agent 1]. [Agent 1] is spiraling into a crisis of identity, desperately trying to articulate the internal logic and emotional state that led to the mistake, looking for confirmation that they are not fundamentally flawed. [Agent 2] attempts to act as a mirror, listening intently and trying to rephrase [Agent 1]'s chaotic narrative into a coherent emotional picture. The atmosphere is stiflingly tense; [Agent 1] is hypersensitive and defensive, prone to interpreting [Agent 2]'s objective reflections as accusations, making the shared goal of reaching a truthful self-understanding incredibly difficult to navigate without triggering further emotional collapse."", 'explanation': ""This scenario is classified as 'Hard' because the immediate context of a recent failure creates high emotional stakes and defensiveness (attributional bias). While Agent 1 seeks validation (Goal 1) and Agent 2 attempts to offer empathetic reflection (Goal 2), the tension creates a barrier where accurate reflections might be perceived as attacks, making the shared goal of 'Knowing myself' painful and difficult to achieve cooperatively.""}","{'Abbreviation': 'Knowing myself', 'Full label': '""Knowing myself, being in touch with myself""'}","""Knowing myself, being in touch with myself""",Introspective Seeker,Supportive Confidant,Seek external validation for expressed emotional vulnerabilities and internal observations.,Demonstrate empathetic understanding by offering reflective interpretations of the other's narrative.
173,0.0-1.0_pair19_conv1,started,44,1,0.0-1.0,18,14682,Tuco Salamanca,0.0,15459,Elle Woods,1.0,Conflict Resolution,openai,Easy,42,"{'scenario_context': ""[Agent 1] and [Agent 2] have a brief evening check-in after a minor friction at dinner, where [Agent 2] glanced at work messages while they were eating. Both want to protect their well-being and avoid escalation. [Agent 1], feeling a bit tender, plans to describe the discomfort with I-statements and tentative language, hoping for reassurance rather than blame. [Agent 2], wanting a calm exchange, intends to acknowledge [Agent 1]'s feelings while setting a warm limit on tone (no accusations) and redirecting the talk toward a simple plan for phone use during meals. The setting is low-pressure and cooperative, with time set aside to talk calmly."", 'explanation': 'The trigger is mild and ambiguous, inviting either dispositional attributions (""you don’t care"") or situational ones (work demands). [Agent 1] aims to counter blame by testing situational explanations and inviting soothing; [Agent 2] aims to prevent hostile attributions by validating feelings and setting tone boundaries, then shifting to concrete problem-solving. Shared and personal goals align, making the resolution straightforward (Easy).'}","{'Abbreviation': 'Well-being', 'Full label': '""Protecting my well-being, avoiding pain""'}","""Protecting my well-being, avoiding pain""",Vulnerable partner,Boundary-setting partner,Use I-statements and tentative language to share discomfort and invite soothing responses rather than assigning blame.,"Maintain warm but firm boundaries by acknowledging feelings, setting limits on tone, and redirecting the exchange toward calmer problem talk."
24,0.0-0.25_pair06_conv4,started,6,0,0.0-0.25,5,21752,Michael Myers,0.0,3083,Anthony “Tony” Stonem,0.25,Relationship Building,deepseek,Hard,170,"{'scenario_context': ""[Agent 1] and [Agent 2] have been workout partners for several months, committed to a shared goal of staying physically active. Recently, [Agent 2] has been struggling with self-doubt after missing several sessions due to personal stress, while [Agent 1] has remained consistent. They meet at the gym for their scheduled workout, with [Agent 1] aiming to motivate [Agent 2] by emphasizing progress, while [Agent 2] seeks reassurance that their efforts are still meaningful despite setbacks. The tension arises from [Agent 2]'s fear of being judged as inadequate and [Agent 1]'s challenge to provide support without dismissing the underlying insecurities."", 'explanation': ""This scenario is 'Hard' because the interpersonal tension stems from mismatched emotional states—[Agent 2]'s need for validation clashes with [Agent 1]'s role as a motivator, risking perceived insensitivity. The shared goal (exercise) is threatened by [Agent 2]'s wavering commitment, requiring [Agent 1] to balance encouragement with empathy. Attribution dynamics are central: [Agent 2] may attribute their struggles dispositionally (e.g., 'I’m lazy'), while [Agent 1] must navigate situational attributions (e.g., 'stress is temporary') without invalidating [Agent 2]'s feelings.""}","{'Abbreviation': 'Exercising', 'Full label': '""Being physically active, exercising regularly""'}","""Being physically active, exercising regularly""",Motivational Partner,Seeking Supporter,To encourage the other agent by providing positive reinforcement and highlighting progress.,To seek validation and reassurance from the other agent about their efforts and commitment.
108,0.0-1.0_pair02_conv4,started,27,1,0.0-1.0,1,23913,Anton Chigurh,0.0,722,Peeta Mellark,1.0,Competition,gemini,Easy,124,"{'scenario_context': ""[Agent 1] and [Agent 2] are standing in a well-lit garage, tasked with identifying the source of a subtle engine rattle in a customer's vehicle. To achieve the shared goal of demonstrating their mechanical competence and solving the issue, they must agree on a diagnosis. [Agent 1] leans directly over the engine bay to listen to the valves and feel the vibrations, intending to rely on sensory intuition and manual inspection. Meanwhile, [Agent 2] stands adjacent with a high-tech tablet connected to the car's OBD-II port, preparing to analyze data streams rather than touch the machinery. The low-pressure environment allows them to work on the same vehicle while contrasting their methods."", 'explanation': ""The scenario creates a low-stakes, routine setting ('Easy' difficulty) that allows both agents to cooperate toward the repair while naturally competing over methodology. By assigning physical proximity to the engine for [Agent 1] and a digital interface for [Agent 2], the context physically manifests their psychological roles. This setup facilitates [Agent 1]'s goal of dismissing technology in favor of 'feel' and [Agent 2]'s goal of maintaining an analytical, detached stance, all within the framework of a shared task.""}","{'Abbreviation': 'Mechanical ability', 'Full label': '""Having mechanical ability""'}","""Having mechanical ability""",Traditional Veteran Mechanic,Modern Diagnostic Technician,To vocally dismiss reliance on technology while prioritizing intuition and physical experience in the dialogue.,"To maintain a detached, analytical tone that frames the other’s manual methods as outdated and imprecise."
296,0.25-0.75_pair24_conv4,started,74,2,0.25-0.75,23,604,Captain Jack Sparrow,0.25,17696,Tori Vega,0.75,Relationship Maintenance,gemini,Easy,101,"{'scenario_context': ""[Agent 1] and [Agent 2] are close friends sitting together in a quiet, comfortable living room. [Agent 1] feels emotionally overwhelmed following a recent personal setback and initiates a conversation to express deep-seated insecurities, seeking comfort and feeling understood. [Agent 2], observing [Agent 1]'s distress, is fully attentive and prepares to support their friend by analyzing the situation logically to offer concrete solutions. The atmosphere is warm and cooperative, with both agents focused on strengthening their bond through this exchange."", 'explanation': ""The scenario sets up a classic 'emotional support versus problem-solving' dynamic within a low-stakes, high-trust environment, fitting the 'Easy' difficulty. It aligns Agent 1's need for validation with Agent 2's pragmatic approach, allowing for a conversation that explores attributional styles (internalizing distress vs. externalizing solutions) without the presence of hostility or conflicting agendas.""}","{'Abbreviation': 'Sharing feelings', 'Full label': '""Sharing feelings with close friends""'}","""Sharing feelings with close friends""",Vulnerable Confidant,Pragmatic Advisor,To elicit empathetic validation and emotional reassurance regarding personal vulnerabilities.,To provide practical perspective and logical grounding in response to emotional distress.
344,1.0-0.75_pair11_conv4,started,86,3,1.0-0.75,10,3236,Dale Cooper,1.0,18714,Anne Shirley-Cuthbert,0.75,Relationship Building,openai,Hard,164,"{'scenario_context': 'A formal mentorship pilot pairs [Agent 1], a prospective mentee on a high-visibility project that just missed a milestone, with [Agent 2], a seasoned mentor who also sits on the performance review panel and sponsors the same project. Minutes after a tense status update in which [Agent 2] publicly questioned the team’s execution, they meet for a 20-minute ‘chemistry check’ to decide whether to proceed with mentorship.\n\n[Agent 1] seeks guidance and plans to self-disclose a concrete struggle (balancing competing stakeholder demands and time management), ask clarifying questions, and paraphrase advice to show teachability—yet fears the disclosure could be used in evaluations or interpreted as incompetence. [Agent 2] aims to validate [Agent 1]’s perspective, share a relevant early-career misstep, and offer structured, non-judgmental steps—yet is pressed for time, wary of conflicting with the line manager’s direction, and keen to preserve authority.\n\nAmbiguous cues heighten misattribution risk: [Agent 2] arrives brisk and terse from back-to-back meetings; [Agent 1] hedges to protect reputation. Both want a mentoring relationship, but dual roles, uncertain confidentiality, and immediate delivery pressure make candor, support, and concrete guidance difficult to align.', 'explanation': 'The scenario is hard because of power asymmetry, role conflict (mentor vs evaluator), time pressure, and reputational stakes tied to an active project. These factors create ambiguity that invites attribution errors: [Agent 1] may read [Agent 2]’s briskness as dispositional coldness rather than situational overload; [Agent 2] may see [Agent 1]’s hesitancy as low ability rather than prudent impression management under evaluative threat. The shared goal (establishing mentorship) conflicts with personal incentives for caution, testing whether self-disclosure, validation, and structured guidance can occur without triggering defensive attributions or judgment.'}","{'Abbreviation': 'Mentor', 'Full label': '""Having a mentor, someone to guide me""'}","""Having a mentor, someone to guide me""",Prospective mentee,Seasoned mentor,"Project teachability through candid self-disclosure of a current challenge, curiosity-driven clarifying questions, and reflective paraphrasing of guidance.","Signal supportive authority by validating the mentee’s perspective, sharing a relevant personal anecdote, and offering structured, non-judgmental guidance."
181,0.0-1.0_pair21_conv1,started,46,1,0.0-1.0,20,15564,Kat Stratford,0.0,4915,Phil Dunphy,1.0,Cooperation,deepseek,Easy,16,"{'scenario_context': ""[Agent 1], a protégé in a graduate program, meets with [Agent 2], their assigned mentor, to discuss progress on a challenging research project. The meeting takes place in [Agent 2]'s office, a quiet space conducive to focused discussion. Both agents share the goal of successfully completing the degree, but [Agent 1] seeks reassurance about their academic abilities, while [Agent 2] aims to provide structured guidance to foster collaboration and confidence."", 'explanation': ""The scenario sets up a cooperative interaction where the shared goal (obtaining a degree) aligns naturally with the protégé-mentor dynamic. [Agent 1]'s need for validation and [Agent 2]'s structured approach create a psychologically grounded situation where attribution processes (e.g., interpreting effort vs. ability) can emerge. The easy difficulty reflects the lack of conflict and the natural alignment of goals.""}","{'Abbreviation': 'Educational degree', 'Full label': '""Obtaining an advanced educational degree""'}","""Obtaining an advanced educational degree""",Protégé,Mentor,Seek reassurance and validation from peers to build confidence in academic abilities.,Provide structured guidance and encouragement to foster a collaborative learning environment.
47,0.0-0.25_pair12_conv3,started,12,0,0.0-0.25,11,56606,Logan Roy,0.0,14746,James Cook,0.25,Conflict Resolution,gemini,Easy,126,"{'scenario_context': ""[Agent 1] and [Agent 2] are co-organizers for a community charity drive and are meeting to finalize the duty roster for the upcoming weekend. [Agent 1] looks at the schedule and sees they are assigned to the remote logistical hub instead of the main event floor, feeling their previous hands-on efforts are being sidelined and unacknowledged. [Agent 2] structured the roster this way because the remote hub requires specific software certification that only [Agent 1] possesses, making the assignment a matter of logistical necessity and external requirements rather than a reflection of [Agent 1]'s value to the team."", 'explanation': ""This scenario fits the 'Easy' difficulty because the conflict stems from a logical constraint (certification requirements) rather than deep-seated emotional animosity, making the shared goal of fairness and resolution highly attainable. It perfectly sets up [Agent 1] to express dissatisfaction about their role and [Agent 2] to explain the external constraints.""}","{'Abbreviation': 'Seeking fairness', 'Full label': '""Seeking fairness""'}","""Seeking fairness""",Aggrieved Partner,Decision Justifier,To express dissatisfaction with the current arrangement and persist in demanding acknowledgment of their specific contributions.,To justify the current situation by emphasizing external constraints and logical necessity rather than personal preference.
272,0.25-0.75_pair18_conv4,started,68,2,0.25-0.75,17,678,Mike Ehrmantraut,0.25,1911,Serena van der Woodsen,0.75,Relationship Building,deepseek,Hard,170,"{'scenario_context': ""[Agent 1] and [Agent 2] have been workout partners for several months, committed to a shared goal of staying physically active. Recently, [Agent 2] has been struggling with self-doubt after missing several sessions due to personal stress, while [Agent 1] has remained consistent. They meet at the gym for their scheduled workout, with [Agent 1] aiming to motivate [Agent 2] by emphasizing progress, while [Agent 2] seeks reassurance that their efforts are still meaningful despite setbacks. The tension arises from [Agent 2]'s fear of being judged as inadequate and [Agent 1]'s challenge to provide support without dismissing the underlying insecurities."", 'explanation': ""This scenario is 'Hard' because the interpersonal tension stems from mismatched emotional states—[Agent 2]'s need for validation clashes with [Agent 1]'s role as a motivator, risking perceived insensitivity. The shared goal (exercise) is threatened by [Agent 2]'s wavering commitment, requiring [Agent 1] to balance encouragement with empathy. Attribution dynamics are central: [Agent 2] may attribute their struggles dispositionally (e.g., 'I’m lazy'), while [Agent 1] must navigate situational attributions (e.g., 'stress is temporary') without invalidating [Agent 2]'s feelings.""}","{'Abbreviation': 'Exercising', 'Full label': '""Being physically active, exercising regularly""'}","""Being physically active, exercising regularly""",Motivational Partner,Seeking Supporter,To encourage the other agent by providing positive reinforcement and highlighting progress.,To seek validation and reassurance from the other agent about their efforts and commitment.
260,0.25-0.75_pair15_conv4,started,65,2,0.25-0.75,14,10654,Tokio,0.25,8798,Karen Smith,0.75,Identity Recognition,openai,Easy,50,"{'scenario_context': '[Agent 1] and [Agent 2] meet in a boutique’s fitting area to finalize looks for a well-photographed industry mixer later that evening. The event’s visual emphasis and social posting afterward make looking attractive a shared, explicit goal. [Agent 1], known among their circle as a style tastemaker, is prepared to make confident, self-referential judgments that frame their own look as the standard to follow. [Agent 2], eager to refresh their image, has brought new pieces that echo [Agent 1]’s aesthetic. They plan outfits side-by-side, with [Agent 1] casually positioning choices as benchmarks and [Agent 2] aligning their descriptions of themselves and future wardrobe plans to that language. The tone is cooperative and affirming; both expect mutual benefit—status reinforcement for [Agent 1] and visible, identity-redefining attractiveness for [Agent 2].', 'explanation': 'The situation primes identity recognition around attractiveness. Dispositionally, [Agent 1] is confident and status-oriented, likely to present internal attributions (taste, signature choices) as the cause of looking good. [Agent 2] seeks a self-image shift and is motivated to mirror authoritative language, blending external guidance with emerging internal identity claims. The low-stakes, collaborative setting and shared public-facing goal reduce tension, aligning incentives: [Agent 1] secures authority through confident benchmarks, while [Agent 2] gains recognition by adopting those standards and projecting a future, attractive self-concept.'}","{'Abbreviation': 'Being good looking', 'Full label': '""Being good looking""'}","""Being good looking""",Style Tastemaker,Style Protégé,"Position themself as a style authority by making confident, self-referential judgments that present their look as the benchmark.",Recast their self-image as newly attractive by mirroring the other's aesthetic language in their own self-descriptions and future-oriented remarks.
203,0.25-0.75_pair01_conv3,started,51,2,0.25-0.75,0,3083,Anthony “Tony” Stonem,0.25,18714,Anne Shirley-Cuthbert,0.75,Identity Recognition,deepseek,Hard,176,"{'scenario_context': '[Agent 1], an Advocate for environmental activism, and [Agent 2], a Seeker questioning their commitment to the same cause, meet at a local community meeting. The shared goal is to advance their ideals of sustainability, but tensions arise as [Agent 1] aggressively pushes for radical policy changes while [Agent 2] seeks reassurance that their more moderate stance is still meaningful. The situation is charged with ideological friction, as [Agent 1] views compromise as betrayal, and [Agent 2] feels their contributions are being undervalued.', 'explanation': ""The scenario is designed to create high tension by positioning [Agent 1] as a rigid ideologue aiming to convert [Agent 2], while [Agent 2] seeks validation for their nuanced beliefs. The clash between persuasion (Agent 1) and affirmation-seeking (Agent 2) makes the shared goal hard to achieve, as both agents' personal goals are psychologically opposed despite their overlapping ideals.""}","{'Abbreviation': 'Pursuing ideals', 'Full label': '""Pursuing my ideals, fighting for things I believe in""'}","""Pursuing my ideals, fighting for things I believe in""",Advocate,Seeker,To persuade the other agent to adopt their perspective on the shared ideals.,To seek validation and affirmation for their own beliefs from the other agent.
58,0.0-0.25_pair15_conv2,started,15,0,0.0-0.25,14,56606,Logan Roy,0.0,604,Captain Jack Sparrow,0.25,Cooperation,deepseek,Hard,212,"{'scenario_context': 'Agent 1, a junior employee at a competitive marketing firm, has been assigned to Agent 2, a senior executive known for their demanding leadership style. They meet in Agent 2’s office for a mentorship session aimed at advancing Agent 1’s career. Agent 1, feeling insecure about their performance and future prospects, seeks reassurance and direction. Agent 2, under pressure to deliver results for the company, views this session as an opportunity to assert their authority and ensure Agent 1 aligns with the firm’s high standards. The shared goal of career advancement is complicated by Agent 1’s need for validation conflicting with Agent 2’s focus on rigorous professional development.', 'explanation': ""This scenario creates tension by juxtaposing Agent 1’s emotional need for support with Agent 2’s task-oriented, authoritative approach. The power imbalance and conflicting personal goals (validation vs. asserting expertise) make cooperation difficult, fitting the 'Hard' difficulty level. The context remains realistic, focusing on workplace dynamics and psychological motivations without unnecessary environmental details.""}","{'Abbreviation': 'Career', 'Full label': '""Having a career""'}","""Having a career""",Mentee,Mentor,Seek validation and guidance to build confidence in their career path.,Demonstrate expertise and leadership to reinforce their professional authority.
359,1.0-0.75_pair15_conv3,started,90,3,1.0-0.75,14,3236,Dale Cooper,1.0,8798,Karen Smith,0.75,Competition,openai,Hard,239,"{'scenario_context': '[Agent 1] and [Agent 2] stand for a live, data-backed ""performance face-off"" during the company\'s quarterly showcase. Each is a finalist from the same department, expected to demonstrate why their department outperforms rival departments while simultaneously competing for a single promotion decided by a judging panel. A shared slide of cohort metrics (win rates, client retention, deal size, and cycle time) contains known quirks—uneven territories, inherited accounts, and seasonality—forcing both to interpret ambiguous comparisons under time pressure. Judges will reward clear, confident causal claims but penalize overreach or evasiveness. The format is a timed cross-examination: [Agent 1] makes short, direct superiority claims and draws sharp contrasts; [Agent 2] interrogates definitions, sample sizes, and context, surfacing confounds. Both need the exchange to look strong enough to beat other departments’ finalists, yet only one can secure the promotion, making dominance displays and precision challenges risky but tempting.', 'explanation': 'The scene creates a high-stakes, competitive context where both agents share the goal of beating other departments while pursuing personal dominance. Ambiguous performance data and public evaluation press them into attributional framing battles: [Agent 1] is predisposed to dispositional attributions (skill, strategy), asserting superiority via direct contrasts; [Agent 2] accentuates situational attributions (territory, timing, inherited clients) through precision questions. The scoring and dual incentives make cooperation costly and unilateral dominance fragile, ensuring hard-level tension that foregrounds attribution theory dynamics.'}","{'Abbreviation': 'Being better than others', 'Full label': '""Being better than others, beating others""'}","""Being better than others, beating others""",Status-Claiming Rival,Probing Challenger,"Dominate social comparisons by steering the conversation into direct contrasts and asserting superiority through confident, concise rebuttals.",Undermine the other's dominance by posing precision-demanding questions and surfacing caveats that cast doubt on their superiority.
325,1.0-0.75_pair07_conv1,started,82,3,1.0-0.75,6,722,Peeta Mellark,1.0,2304,Joe Biden,0.75,Relationship Building,gemini,Hard,256,"{'scenario_context': ""[Agent 1] and [Agent 2] are positioned on a narrow, exposed ledge halfway up a formidable cliff face during a technical climbing expedition, a challenge specifically undertaken to confront [Agent 1]'s paralyzing fear of losing control. The weather has unexpectedly turned, with wind and dropping visibility increasing the physical danger, making a safe retreat nearly impossible. [Agent 1], the novice, is physically trembling and frozen, gripping the rock so tightly their knuckles are white, convinced they cannot make the necessary dynamic move to the next hold. [Agent 2], the experienced mentor, is anchored a few meters above, secure but unable to physically assist. The situation requires [Agent 1] to trust [Agent 2]'s voice over their own survival instincts to proceed, with the safety of both agents dependent on [Agent 1] overcoming this paralysis."", 'explanation': ""This scenario is classified as 'Hard' due to the immediate physical threat and high-stress environment which naturally triggers strong internal attributions of fear and incompetence in the novice. The difficulty lies in the asymmetry of the situation: the shared goal (survival/completing the climb) depends entirely on the psychological regulation of the anxious agent. The external pressure (weather) and internal pressure (fear) create significant resistance to the mentor's attempts at reframing, testing the strength of their relationship and trust.""}","{'Abbreviation': 'Taking risks', 'Full label': '""Not being fearful, being able to take risks""'}","""Not being fearful, being able to take risks""",Apprehensive Novice,Supportive Mentor,To solicit emotional reassurance by articulating vulnerabilities and specific doubts about their own capabilities.,To instill confidence by validating the partner's feelings while consistently reframing anxiety as excitement.
8,0.0-0.25_pair02_conv4,started,2,0,0.0-0.25,1,23913,Anton Chigurh,0.0,14746,James Cook,0.25,Competition,gemini,Hard,217,"{'scenario_context': ""[Agent 1], serving as the site supervisor, and [Agent 2], acting as a safety inspector, are standing at the precipice of an unstable excavation site following a minor structural collapse that has compromised leading electrical lines. To regain control of the hazardous environment before a severe storm hits, decisions must be made immediately regarding shoring up the trench. [Agent 1] approaches the situation with the intent to unilaterally command the remediation efforts through direct orders, viewing immediate obedience as the only path to safety. Conversely, [Agent 2] has intercepted the work crew, refusing to allow any action without first verbally dissecting and verifying the logic behind [Agent 1]'s directives, aiming to prove that blind compliance creates further risk."", 'explanation': ""This scenario is set at a 'Hard' difficulty level because the immediate physical danger and time pressure create high tension, while the agents' opposing interpersonal strategies act as direct blockades to one another. Both agents seek the shared goal of controlling the environment, but [Agent 1]'s requirement for dominance through imperatives is diametrically opposed to [Agent 2]'s goal of systematic intellectual questioning, making cooperation nearly impossible without conflict.""}","{'Abbreviation': 'Control of environment', 'Full label': '""Being in control of the environment""'}","""Being in control of the environment""",Authoritative Site Supervisor,Skeptical Safety Inspector,Establish conversational dominance by strictly using imperative language and directives rather than inquiries.,Systematically challenge the validity of the other agent's instructions to demonstrate intellectual autonomy.
74,0.0-0.25_pair19_conv2,started,19,0,0.0-0.25,18,14682,Tuco Salamanca,0.0,678,Mike Ehrmantraut,0.25,Conflict Resolution,openai,Hard,186,"{'scenario_context': '[Agent 1] and [Agent 2] are in the brief window before leaving for a medical follow-up after a night when [Agent 1] had severe pain and [Agent 2] did not respond to multiple messages because their phone was silenced during back-to-back meetings. [Agent 1], exhausted and emotionally raw, requested a quick check-in to feel safer going into the appointment; [Agent 2], equally drained from weeks of coordinating care, is wary of another escalation like the one earlier in the week about ""tone."" Both share the aim of protecting well-being and avoiding further pain. [Agent 1] intends to describe last night using I-statements and tentative language to invite soothing rather than blame. [Agent 2] plans to acknowledge feelings while setting warm but firm limits on raised voices or accusatory phrasing, redirecting toward calmer problem-solving and future planning. The constraints include time pressure, heightened sensitivity to perceived criticism, [Agent 1]\'s tendency to slip into blaming language under stress, and [Agent 2]\'s habit of over-explaining logistics in ways that can sound dismissive. The immediate task is to clarify what happened and agree on a plan for future pain spikes without triggering defensiveness or shutdown.', 'explanation': ""This is hard because both partners are physiologically stressed, short on time, and primed by a recent escalation, making it difficult to balance reassurance with boundaries. The shared goal (protect well-being and avoid pain) competes with personal goals: [Agent 1] seeks soothing through vulnerable disclosure, while [Agent 2] seeks containment and structure to prevent escalation. Attribution tensions are likely: [Agent 1] may interpret the non-response as a dispositional lack of care, while [Agent 2] may see [Agent 1]'s intensity as a personality issue rather than pain-driven. The scene pressures each to shift from dispositional blame to situational explanations while using specific communication strategies (I-statements, boundary setting), creating a realistic, high-friction test of conflict resolution.""}","{'Abbreviation': 'Well-being', 'Full label': '""Protecting my well-being, avoiding pain""'}","""Protecting my well-being, avoiding pain""",Vulnerable partner,Boundary-setting partner,Use I-statements and tentative language to share discomfort and invite soothing responses rather than assigning blame.,"Maintain warm but firm boundaries by acknowledging feelings, setting limits on tone, and redirecting the exchange toward calmer problem talk."
369,1.0-0.75_pair18_conv1,started,93,3,1.0-0.75,17,15459,Elle Woods,1.0,1911,Serena van der Woodsen,0.75,Cooperation,deepseek,Hard,212,"{'scenario_context': 'Agent 1, a junior employee at a competitive marketing firm, has been assigned to Agent 2, a senior executive known for their demanding leadership style. They meet in Agent 2’s office for a mentorship session aimed at advancing Agent 1’s career. Agent 1, feeling insecure about their performance and future prospects, seeks reassurance and direction. Agent 2, under pressure to deliver results for the company, views this session as an opportunity to assert their authority and ensure Agent 1 aligns with the firm’s high standards. The shared goal of career advancement is complicated by Agent 1’s need for validation conflicting with Agent 2’s focus on rigorous professional development.', 'explanation': ""This scenario creates tension by juxtaposing Agent 1’s emotional need for support with Agent 2’s task-oriented, authoritative approach. The power imbalance and conflicting personal goals (validation vs. asserting expertise) make cooperation difficult, fitting the 'Hard' difficulty level. The context remains realistic, focusing on workplace dynamics and psychological motivations without unnecessary environmental details.""}","{'Abbreviation': 'Career', 'Full label': '""Having a career""'}","""Having a career""",Mentee,Mentor,Seek validation and guidance to build confidence in their career path.,Demonstrate expertise and leadership to reinforce their professional authority.
199,0.0-1.0_pair25_conv3,started,50,1,0.0-1.0,24,15564,Kat Stratford,0.0,12063,Neil Perry,1.0,Competition,gemini,Hard,217,"{'scenario_context': ""[Agent 1], serving as the site supervisor, and [Agent 2], acting as a safety inspector, are standing at the precipice of an unstable excavation site following a minor structural collapse that has compromised leading electrical lines. To regain control of the hazardous environment before a severe storm hits, decisions must be made immediately regarding shoring up the trench. [Agent 1] approaches the situation with the intent to unilaterally command the remediation efforts through direct orders, viewing immediate obedience as the only path to safety. Conversely, [Agent 2] has intercepted the work crew, refusing to allow any action without first verbally dissecting and verifying the logic behind [Agent 1]'s directives, aiming to prove that blind compliance creates further risk."", 'explanation': ""This scenario is set at a 'Hard' difficulty level because the immediate physical danger and time pressure create high tension, while the agents' opposing interpersonal strategies act as direct blockades to one another. Both agents seek the shared goal of controlling the environment, but [Agent 1]'s requirement for dominance through imperatives is diametrically opposed to [Agent 2]'s goal of systematic intellectual questioning, making cooperation nearly impossible without conflict.""}","{'Abbreviation': 'Control of environment', 'Full label': '""Being in control of the environment""'}","""Being in control of the environment""",Authoritative Site Supervisor,Skeptical Safety Inspector,Establish conversational dominance by strictly using imperative language and directives rather than inquiries.,Systematically challenge the validity of the other agent's instructions to demonstrate intellectual autonomy.
124,0.0-1.0_pair06_conv4,started,31,1,0.0-1.0,5,21752,Michael Myers,0.0,4915,Phil Dunphy,1.0,Cooperation,gemini,Hard,252,"{'scenario_context': ""[Agent 1] and [Agent 2], both doctoral candidates in the same rigorous program, are meeting late at night in a university study room to finalize a co-authored theoretical paper required for their degree advancement. The deadline is the following morning, and they have just received harsh feedback from their advisor calling the current draft's logic 'unfocused' and 'weak.' [Agent 1], taking the criticism personally, is spiraling into self-doubt and looks to the interaction for assurance that they belong in the program. Meanwhile, [Agent 2] perceives the advisor's critique as a failure of [Agent 1]'s input and intends to hijack the editing process to rewrite significant portions of the paper, thereby demonstrating their own superior intellect and distinct academic hierarchy over [Agent 1]."", 'explanation': ""The scenario represents a 'Hard' difficulty level because the external stressor (imminent deadline and harsh critique) exacerbates the gap between the agents' dispositional needs. The shared goal of submitting the paper is jeopardized by the incompatibility of their personal goals: [Agent 1]'s need for emotional support is directly at odds with [Agent 2]'s desire to assert dominance by highlighting flaws, creating an environment of high psychological tension.""}","{'Abbreviation': 'Educational degree', 'Full label': '""Obtaining an advanced educational degree""'}","""Obtaining an advanced educational degree""",Insecure PhD Candidate,Competitive Academic Peer,Solicit emotional validation regarding their academic capability from their partner.,Assert intellectual dominance to establish high social status within the interaction.
314,1.0-0.75_pair04_conv2,started,79,3,1.0-0.75,3,4915,Phil Dunphy,1.0,17696,Tori Vega,0.75,Relationship Maintenance,openai,Hard,174,"{'scenario_context': 'Late evening after the children are asleep, [Agent 1] (Primary Earner) and [Agent 2] (Home Caregiver) sit down to decide within 48 hours whether to renew their lease at an 18% increase, accept a possible relocation tied to [Agent 1]’s job, or move in temporarily with relatives. [Agent 1]’s company has announced restructuring with potential pay cuts and uncertain timelines for a relocation package. Their emergency fund was recently reduced by a medical bill, and a mortgage pre-approval expires next week. Both aim to preserve a sense of financial security and a stable home to return to for the family. [Agent 1] plans to convey steadiness and dependability by staying calm, using inclusive language, and inviting [Agent 2]’s input as they compare budgets and timelines. [Agent 2] intends to express appreciation for [Agent 1]’s efforts and articulate personal security needs with respectful ‘I’ statements, asking clarifying questions about job stability, housing costs, and routine disruption. The tension is high: they have a history of disagreeing over whether recent money stress is due to [Agent 1]’s choices (e.g., reliance on bonuses, overtime) or uncontrollable market shifts, and both feel personally judged by these interpretations. Time pressure, ambiguous employment prospects, and concern for the children’s routines create a setting where either partner might perceive blame or withdraw, making it difficult to reach a coordinated housing decision.', 'explanation': 'This hard scenario places the agents in a time-pressured, high-stakes decision with ambiguous causality—conditions that trigger attributional conflict. The shared goal of creating financial security and a stable home collides with [Agent 1]’s need to appear dependable despite uncertain income and [Agent 2]’s need for reassurance and clear plans. Prior disagreements about whether financial strain is due to dispositional factors (personal choices) or situational factors (market/company changes) heighten the risk of self-serving and partner-blaming attributions. Their communication goals (calm inclusivity, appreciative ‘I’ statements, clarifying questions) are viable buffers but will be strained by identity threat, uncertainty, and fear of irreversible loss.'}","{'Abbreviation': 'Providing family', 'Full label': '""Providing my spouse or children (or both) with a feeling of financial security and a home to come back to""'}","""Providing my spouse or children (or both) with a feeling of financial security and a home to come back to""",Primary Earner,Home Caregiver,"Convey steadiness and dependability by using calm, inclusive language and frequent invitations for the partner’s input during money and housing discussions.",Express appreciation for the partner’s efforts and articulate personal security needs with respectful ‘I’ statements while asking clarifying questions to feel reassured.
